Valor,Fecha
24472.333333333332,2017-01-01T00:00:00Z
23519.5,2017-01-01T01:00:00Z
22026.166666666668,2017-01-01T02:00:00Z
20710.666666666668,2017-01-01T03:00:00Z
19688.666666666668,2017-01-01T04:00:00Z
19237.333333333332,2017-01-01T05:00:00Z
19327.666666666668,2017-01-01T06:00:00Z
19642.833333333332,2017-01-01T07:00:00Z
19611.666666666668,2017-01-01T08:00:00Z
20106,2017-01-01T09:00:00Z
21874.666666666668,2017-01-01T10:00:00Z
23317.666666666668,2017-01-01T11:00:00Z
24034,2017-01-01T12:00:00Z
24600,2017-01-01T13:00:00Z
24761.333333333332,2017-01-01T14:00:00Z
23514.5,2017-01-01T15:00:00Z
22965.833333333332,2017-01-01T16:00:00Z
23386.333333333332,2017-01-01T17:00:00Z
26048,2017-01-01T18:00:00Z
27576.166666666668,2017-01-01T19:00:00Z
28593.833333333332,2017-01-01T20:00:00Z
29218.166666666668,2017-01-01T21:00:00Z
28699.166666666668,2017-01-01T22:00:00Z
26576.333333333332,2017-01-01T23:00:00Z
23985.666666666668,2017-01-02T00:00:00Z
21763,2017-01-02T01:00:00Z
20499,2017-01-02T02:00:00Z
19888.166666666668,2017-01-02T03:00:00Z
19728.833333333332,2017-01-02T04:00:00Z
20348.5,2017-01-02T05:00:00Z
22497.5,2017-01-02T06:00:00Z
25619.333333333332,2017-01-02T07:00:00Z
28325.333333333332,2017-01-02T08:00:00Z
30537.5,2017-01-02T09:00:00Z
32682.5,2017-01-02T10:00:00Z
33485.166666666664,2017-01-02T11:00:00Z
33379.333333333336,2017-01-02T12:00:00Z
33489.5,2017-01-02T13:00:00Z
32752.333333333332,2017-01-02T14:00:00Z
31892.166666666668,2017-01-02T15:00:00Z
31505.333333333332,2017-01-02T16:00:00Z
32065.333333333332,2017-01-02T17:00:00Z
33919.5,2017-01-02T18:00:00Z
34666,2017-01-02T19:00:00Z
34945.833333333336,2017-01-02T20:00:00Z
34702,2017-01-02T21:00:00Z
32893.5,2017-01-02T22:00:00Z
30007,2017-01-02T23:00:00Z
27282.166666666668,2017-01-03T00:00:00Z
24921.833333333332,2017-01-03T01:00:00Z
23312.333333333332,2017-01-03T02:00:00Z
22796.166666666668,2017-01-03T03:00:00Z
22501,2017-01-03T04:00:00Z
23124.666666666668,2017-01-03T05:00:00Z
25237.666666666668,2017-01-03T06:00:00Z
28837.5,2017-01-03T07:00:00Z
32060.166666666668,2017-01-03T08:00:00Z
34599.166666666664,2017-01-03T09:00:00Z
36049.333333333336,2017-01-03T10:00:00Z
36251.333333333336,2017-01-03T11:00:00Z
35633,2017-01-03T12:00:00Z
35530.666666666664,2017-01-03T13:00:00Z
34437.833333333336,2017-01-03T14:00:00Z
33469.833333333336,2017-01-03T15:00:00Z
33112,2017-01-03T16:00:00Z
33559.666666666664,2017-01-03T17:00:00Z
35395.166666666664,2017-01-03T18:00:00Z
35992.166666666664,2017-01-03T19:00:00Z
36210.333333333336,2017-01-03T20:00:00Z
35736.5,2017-01-03T21:00:00Z
33674.333333333336,2017-01-03T22:00:00Z
30682.833333333332,2017-01-03T23:00:00Z
27880.166666666668,2017-01-04T00:00:00Z
25494,2017-01-04T01:00:00Z
24052.666666666668,2017-01-04T02:00:00Z
23395.666666666668,2017-01-04T03:00:00Z
23198.166666666668,2017-01-04T04:00:00Z
23590,2017-01-04T05:00:00Z
25619.166666666668,2017-01-04T06:00:00Z
29204.333333333332,2017-01-04T07:00:00Z
32129.833333333332,2017-01-04T08:00:00Z
34417.5,2017-01-04T09:00:00Z
35583,2017-01-04T10:00:00Z
35442.666666666664,2017-01-04T11:00:00Z
34740.833333333336,2017-01-04T12:00:00Z
34650.166666666664,2017-01-04T13:00:00Z
33693.333333333336,2017-01-04T14:00:00Z
32792.833333333336,2017-01-04T15:00:00Z
32500.666666666668,2017-01-04T16:00:00Z
32854,2017-01-04T17:00:00Z
34558.666666666664,2017-01-04T18:00:00Z
35289.833333333336,2017-01-04T19:00:00Z
35281.666666666664,2017-01-04T20:00:00Z
35237.833333333336,2017-01-04T21:00:00Z
33605.166666666664,2017-01-04T22:00:00Z
30788,2017-01-04T23:00:00Z
28159.333333333332,2017-01-05T00:00:00Z
25636.5,2017-01-05T01:00:00Z
24184.833333333332,2017-01-05T02:00:00Z
23442.166666666668,2017-01-05T03:00:00Z
23187.5,2017-01-05T04:00:00Z
23502,2017-01-05T05:00:00Z
25197.5,2017-01-05T06:00:00Z
28439.666666666668,2017-01-05T07:00:00Z
31115.833333333332,2017-01-05T08:00:00Z
33401.5,2017-01-05T09:00:00Z
34579.166666666664,2017-01-05T10:00:00Z
34657.166666666664,2017-01-05T11:00:00Z
33871.666666666664,2017-01-05T12:00:00Z
33470.5,2017-01-05T13:00:00Z
32197,2017-01-05T14:00:00Z
30895,2017-01-05T15:00:00Z
30462.666666666668,2017-01-05T16:00:00Z
30393.5,2017-01-05T17:00:00Z
31646.666666666668,2017-01-05T18:00:00Z
31863.666666666668,2017-01-05T19:00:00Z
31805.833333333332,2017-01-05T20:00:00Z
31809.333333333332,2017-01-05T21:00:00Z
30482.166666666668,2017-01-05T22:00:00Z
28614,2017-01-05T23:00:00Z
26691.833333333332,2017-01-06T00:00:00Z
24372.833333333332,2017-01-06T01:00:00Z
22566.833333333332,2017-01-06T02:00:00Z
21587.5,2017-01-06T03:00:00Z
21190.5,2017-01-06T04:00:00Z
21065.5,2017-01-06T05:00:00Z
21289.166666666668,2017-01-06T06:00:00Z
22332.666666666668,2017-01-06T07:00:00Z
22769.5,2017-01-06T08:00:00Z
24364,2017-01-06T09:00:00Z
26275.166666666668,2017-01-06T10:00:00Z
27096.5,2017-01-06T11:00:00Z
26882.333333333332,2017-01-06T12:00:00Z
26976.5,2017-01-06T13:00:00Z
26413.666666666668,2017-01-06T14:00:00Z
24981.833333333332,2017-01-06T15:00:00Z
24283.5,2017-01-06T16:00:00Z
24491.166666666668,2017-01-06T17:00:00Z
26889.166666666668,2017-01-06T18:00:00Z
28472.5,2017-01-06T19:00:00Z
29418.5,2017-01-06T20:00:00Z
30052.666666666668,2017-01-06T21:00:00Z
29828.166666666668,2017-01-06T22:00:00Z
27967.833333333332,2017-01-06T23:00:00Z
26092,2017-01-07T00:00:00Z
24043.333333333332,2017-01-07T01:00:00Z
22457.833333333332,2017-01-07T02:00:00Z
21569.166666666668,2017-01-07T03:00:00Z
21346.833333333332,2017-01-07T04:00:00Z
21539.333333333332,2017-01-07T05:00:00Z
22390.166666666668,2017-01-07T06:00:00Z
23803.333333333332,2017-01-07T07:00:00Z
25409,2017-01-07T08:00:00Z
27659.833333333332,2017-01-07T09:00:00Z
30076.333333333332,2017-01-07T10:00:00Z
30558.666666666668,2017-01-07T11:00:00Z
30099,2017-01-07T12:00:00Z
30255.333333333332,2017-01-07T13:00:00Z
30058.333333333332,2017-01-07T14:00:00Z
28996.166666666668,2017-01-07T15:00:00Z
28275.666666666668,2017-01-07T16:00:00Z
28456.333333333332,2017-01-07T17:00:00Z
30843.5,2017-01-07T18:00:00Z
32524.166666666668,2017-01-07T19:00:00Z
33087.833333333336,2017-01-07T20:00:00Z
33205.166666666664,2017-01-07T21:00:00Z
31905.833333333332,2017-01-07T22:00:00Z
29689.5,2017-01-07T23:00:00Z
27058.166666666668,2017-01-08T00:00:00Z
24772.5,2017-01-08T01:00:00Z
22928,2017-01-08T02:00:00Z
21972.5,2017-01-08T03:00:00Z
21530,2017-01-08T04:00:00Z
21562.833333333332,2017-01-08T05:00:00Z
22033.166666666668,2017-01-08T06:00:00Z
22748,2017-01-08T07:00:00Z
23485.166666666668,2017-01-08T08:00:00Z
25150.333333333332,2017-01-08T09:00:00Z
27732.333333333332,2017-01-08T10:00:00Z
28725,2017-01-08T11:00:00Z
28762.666666666668,2017-01-08T12:00:00Z
28869.5,2017-01-08T13:00:00Z
29156,2017-01-08T14:00:00Z
28136.5,2017-01-08T15:00:00Z
27378,2017-01-08T16:00:00Z
27469.666666666668,2017-01-08T17:00:00Z
30238,2017-01-08T18:00:00Z
32257.333333333332,2017-01-08T19:00:00Z
33703.166666666664,2017-01-08T20:00:00Z
33882.666666666664,2017-01-08T21:00:00Z
32343.333333333332,2017-01-08T22:00:00Z
29492.333333333332,2017-01-08T23:00:00Z
26499.833333333332,2017-01-09T00:00:00Z
24298.333333333332,2017-01-09T01:00:00Z
23106.333333333332,2017-01-09T02:00:00Z
22610.333333333332,2017-01-09T03:00:00Z
22578,2017-01-09T04:00:00Z
23106.666666666668,2017-01-09T05:00:00Z
25902.333333333332,2017-01-09T06:00:00Z
31189.666666666668,2017-01-09T07:00:00Z
35422.166666666664,2017-01-09T08:00:00Z
36832.166666666664,2017-01-09T09:00:00Z
37491.833333333336,2017-01-09T10:00:00Z
37178.5,2017-01-09T11:00:00Z
36582.666666666664,2017-01-09T12:00:00Z
36320,2017-01-09T13:00:00Z
35143.166666666664,2017-01-09T14:00:00Z
34610.166666666664,2017-01-09T15:00:00Z
34425.333333333336,2017-01-09T16:00:00Z
34808,2017-01-09T17:00:00Z
37061.666666666664,2017-01-09T18:00:00Z
38364.5,2017-01-09T19:00:00Z
38566.166666666664,2017-01-09T20:00:00Z
38170,2017-01-09T21:00:00Z
35225.333333333336,2017-01-09T22:00:00Z
31622,2017-01-09T23:00:00Z
28951.333333333332,2017-01-10T00:00:00Z
26558.666666666668,2017-01-10T01:00:00Z
25097,2017-01-10T02:00:00Z
24381.5,2017-01-10T03:00:00Z
24237.833333333332,2017-01-10T04:00:00Z
24831.166666666668,2017-01-10T05:00:00Z
27404.5,2017-01-10T06:00:00Z
32294,2017-01-10T07:00:00Z
36112.166666666664,2017-01-10T08:00:00Z
37278,2017-01-10T09:00:00Z
38090.833333333336,2017-01-10T10:00:00Z
38156,2017-01-10T11:00:00Z
37776,2017-01-10T12:00:00Z
37540.666666666664,2017-01-10T13:00:00Z
36364.666666666664,2017-01-10T14:00:00Z
35741.333333333336,2017-01-10T15:00:00Z
35586.166666666664,2017-01-10T16:00:00Z
36016,2017-01-10T17:00:00Z
37760.333333333336,2017-01-10T18:00:00Z
38785.666666666664,2017-01-10T19:00:00Z
38926.166666666664,2017-01-10T20:00:00Z
38052.5,2017-01-10T21:00:00Z
35189.333333333336,2017-01-10T22:00:00Z
31739.666666666668,2017-01-10T23:00:00Z
28700.833333333332,2017-01-11T00:00:00Z
26434.666666666668,2017-01-11T01:00:00Z
24920.666666666668,2017-01-11T02:00:00Z
24452.333333333332,2017-01-11T03:00:00Z
24196.166666666668,2017-01-11T04:00:00Z
24861,2017-01-11T05:00:00Z
27247.333333333332,2017-01-11T06:00:00Z
32093.666666666668,2017-01-11T07:00:00Z
35642.833333333336,2017-01-11T08:00:00Z
36390,2017-01-11T09:00:00Z
36856.833333333336,2017-01-11T10:00:00Z
36544.5,2017-01-11T11:00:00Z
35845.833333333336,2017-01-11T12:00:00Z
35627.833333333336,2017-01-11T13:00:00Z
34443.166666666664,2017-01-11T14:00:00Z
33818.833333333336,2017-01-11T15:00:00Z
33644.166666666664,2017-01-11T16:00:00Z
34220.5,2017-01-11T17:00:00Z
36039.666666666664,2017-01-11T18:00:00Z
37583.833333333336,2017-01-11T19:00:00Z
37921.333333333336,2017-01-11T20:00:00Z
37437.5,2017-01-11T21:00:00Z
34736,2017-01-11T22:00:00Z
31374.833333333332,2017-01-11T23:00:00Z
28525,2017-01-12T00:00:00Z
26312.833333333332,2017-01-12T01:00:00Z
24868,2017-01-12T02:00:00Z
24266,2017-01-12T03:00:00Z
24179.166666666668,2017-01-12T04:00:00Z
24763.333333333332,2017-01-12T05:00:00Z
26950.833333333332,2017-01-12T06:00:00Z
31812.166666666668,2017-01-12T07:00:00Z
35276,2017-01-12T08:00:00Z
36097,2017-01-12T09:00:00Z
36329.333333333336,2017-01-12T10:00:00Z
35848.166666666664,2017-01-12T11:00:00Z
35312.666666666664,2017-01-12T12:00:00Z
35031.333333333336,2017-01-12T13:00:00Z
33856,2017-01-12T14:00:00Z
33336.166666666664,2017-01-12T15:00:00Z
33255,2017-01-12T16:00:00Z
33736.166666666664,2017-01-12T17:00:00Z
35716.833333333336,2017-01-12T18:00:00Z
36996.333333333336,2017-01-12T19:00:00Z
37160.333333333336,2017-01-12T20:00:00Z
36517.5,2017-01-12T21:00:00Z
33898.833333333336,2017-01-12T22:00:00Z
30530,2017-01-12T23:00:00Z
27960.833333333332,2017-01-13T00:00:00Z
25896.5,2017-01-13T01:00:00Z
24431,2017-01-13T02:00:00Z
23783,2017-01-13T03:00:00Z
23708.166666666668,2017-01-13T04:00:00Z
24312,2017-01-13T05:00:00Z
26693.333333333332,2017-01-13T06:00:00Z
31435.333333333332,2017-01-13T07:00:00Z
34593.166666666664,2017-01-13T08:00:00Z
35345.5,2017-01-13T09:00:00Z
36036.666666666664,2017-01-13T10:00:00Z
35974,2017-01-13T11:00:00Z
35567.666666666664,2017-01-13T12:00:00Z
35461,2017-01-13T13:00:00Z
34293,2017-01-13T14:00:00Z
33630.666666666664,2017-01-13T15:00:00Z
33352.5,2017-01-13T16:00:00Z
33635.833333333336,2017-01-13T17:00:00Z
35445,2017-01-13T18:00:00Z
36756,2017-01-13T19:00:00Z
36695.5,2017-01-13T20:00:00Z
36220.5,2017-01-13T21:00:00Z
33988.666666666664,2017-01-13T22:00:00Z
31253.833333333332,2017-01-13T23:00:00Z
28956.833333333332,2017-01-14T00:00:00Z
26776.833333333332,2017-01-14T01:00:00Z
25102.166666666668,2017-01-14T02:00:00Z
24262.666666666668,2017-01-14T03:00:00Z
23905.833333333332,2017-01-14T04:00:00Z
23885.333333333332,2017-01-14T05:00:00Z
24218.166666666668,2017-01-14T06:00:00Z
25785.5,2017-01-14T07:00:00Z
27452.166666666668,2017-01-14T08:00:00Z
30016.333333333332,2017-01-14T09:00:00Z
32404.666666666668,2017-01-14T10:00:00Z
32876.666666666664,2017-01-14T11:00:00Z
32272.666666666668,2017-01-14T12:00:00Z
32140,2017-01-14T13:00:00Z
31659.666666666668,2017-01-14T14:00:00Z
30407.666666666668,2017-01-14T15:00:00Z
29590.666666666668,2017-01-14T16:00:00Z
29538,2017-01-14T17:00:00Z
31606.166666666668,2017-01-14T18:00:00Z
33485,2017-01-14T19:00:00Z
33956.833333333336,2017-01-14T20:00:00Z
34072.166666666664,2017-01-14T21:00:00Z
32584,2017-01-14T22:00:00Z
30266.166666666668,2017-01-14T23:00:00Z
27804.666666666668,2017-01-15T00:00:00Z
25455.5,2017-01-15T01:00:00Z
23719.166666666668,2017-01-15T02:00:00Z
22769.833333333332,2017-01-15T03:00:00Z
22335.833333333332,2017-01-15T04:00:00Z
22219.833333333332,2017-01-15T05:00:00Z
22551.666666666668,2017-01-15T06:00:00Z
23442.666666666668,2017-01-15T07:00:00Z
24165.833333333332,2017-01-15T08:00:00Z
26154.166666666668,2017-01-15T09:00:00Z
28687.833333333332,2017-01-15T10:00:00Z
29718.833333333332,2017-01-15T11:00:00Z
29749.5,2017-01-15T12:00:00Z
29917,2017-01-15T13:00:00Z
29951.333333333332,2017-01-15T14:00:00Z
28586.166666666668,2017-01-15T15:00:00Z
27925.666666666668,2017-01-15T16:00:00Z
27832.666666666668,2017-01-15T17:00:00Z
30071.833333333332,2017-01-15T18:00:00Z
32328,2017-01-15T19:00:00Z
33612.833333333336,2017-01-15T20:00:00Z
33801.5,2017-01-15T21:00:00Z
32783.166666666664,2017-01-15T22:00:00Z
30135.166666666668,2017-01-15T23:00:00Z
27271,2017-01-16T00:00:00Z
25017.5,2017-01-16T01:00:00Z
23639.5,2017-01-16T02:00:00Z
23173.333333333332,2017-01-16T03:00:00Z
22913.666666666668,2017-01-16T04:00:00Z
23599.333333333332,2017-01-16T05:00:00Z
26629.833333333332,2017-01-16T06:00:00Z
31886.833333333332,2017-01-16T07:00:00Z
35810.666666666664,2017-01-16T08:00:00Z
37099.5,2017-01-16T09:00:00Z
37719.666666666664,2017-01-16T10:00:00Z
37215.5,2017-01-16T11:00:00Z
36664,2017-01-16T12:00:00Z
36568.666666666664,2017-01-16T13:00:00Z
35466.833333333336,2017-01-16T14:00:00Z
34785.333333333336,2017-01-16T15:00:00Z
34619.333333333336,2017-01-16T16:00:00Z
34751.666666666664,2017-01-16T17:00:00Z
36608.833333333336,2017-01-16T18:00:00Z
38163.166666666664,2017-01-16T19:00:00Z
38461.666666666664,2017-01-16T20:00:00Z
37823.333333333336,2017-01-16T21:00:00Z
34992.833333333336,2017-01-16T22:00:00Z
31491.166666666668,2017-01-16T23:00:00Z
28908,2017-01-17T00:00:00Z
26573.666666666668,2017-01-17T01:00:00Z
25231.833333333332,2017-01-17T02:00:00Z
24840.833333333332,2017-01-17T03:00:00Z
24704.166666666668,2017-01-17T04:00:00Z
25187,2017-01-17T05:00:00Z
27560.666666666668,2017-01-17T06:00:00Z
32444.5,2017-01-17T07:00:00Z
35939.166666666664,2017-01-17T08:00:00Z
37041.166666666664,2017-01-17T09:00:00Z
37867.166666666664,2017-01-17T10:00:00Z
37643.833333333336,2017-01-17T11:00:00Z
37217.166666666664,2017-01-17T12:00:00Z
37077.666666666664,2017-01-17T13:00:00Z
35710.333333333336,2017-01-17T14:00:00Z
35353.833333333336,2017-01-17T15:00:00Z
35345.666666666664,2017-01-17T16:00:00Z
35664.166666666664,2017-01-17T17:00:00Z
37563,2017-01-17T18:00:00Z
39582,2017-01-17T19:00:00Z
39847.166666666664,2017-01-17T20:00:00Z
39170.833333333336,2017-01-17T21:00:00Z
36413.333333333336,2017-01-17T22:00:00Z
32722.5,2017-01-17T23:00:00Z
29752.333333333332,2017-01-18T00:00:00Z
27488.666666666668,2017-01-18T01:00:00Z
26002.166666666668,2017-01-18T02:00:00Z
25553.5,2017-01-18T03:00:00Z
25413.333333333332,2017-01-18T04:00:00Z
25916.666666666668,2017-01-18T05:00:00Z
28352.333333333332,2017-01-18T06:00:00Z
33358.333333333336,2017-01-18T07:00:00Z
37435.833333333336,2017-01-18T08:00:00Z
39016.666666666664,2017-01-18T09:00:00Z
39802.166666666664,2017-01-18T10:00:00Z
39912.5,2017-01-18T11:00:00Z
39669.166666666664,2017-01-18T12:00:00Z
39570.5,2017-01-18T13:00:00Z
38333.5,2017-01-18T14:00:00Z
37826.666666666664,2017-01-18T15:00:00Z
37634.5,2017-01-18T16:00:00Z
38004.333333333336,2017-01-18T17:00:00Z
39603,2017-01-18T18:00:00Z
40908,2017-01-18T19:00:00Z
41073.666666666664,2017-01-18T20:00:00Z
39889.666666666664,2017-01-18T21:00:00Z
36845.5,2017-01-18T22:00:00Z
33364.666666666664,2017-01-18T23:00:00Z
30279.833333333332,2017-01-19T00:00:00Z
27840,2017-01-19T01:00:00Z
26319.833333333332,2017-01-19T02:00:00Z
25789.166666666668,2017-01-19T03:00:00Z
25650.333333333332,2017-01-19T04:00:00Z
26201,2017-01-19T05:00:00Z
28595.5,2017-01-19T06:00:00Z
33483.833333333336,2017-01-19T07:00:00Z
37351.5,2017-01-19T08:00:00Z
38790.333333333336,2017-01-19T09:00:00Z
39913.5,2017-01-19T10:00:00Z
40257.166666666664,2017-01-19T11:00:00Z
40100.666666666664,2017-01-19T12:00:00Z
40128.166666666664,2017-01-19T13:00:00Z
38951,2017-01-19T14:00:00Z
38318.666666666664,2017-01-19T15:00:00Z
38107.666666666664,2017-01-19T16:00:00Z
38531.833333333336,2017-01-19T17:00:00Z
39745.833333333336,2017-01-19T18:00:00Z
40903.833333333336,2017-01-19T19:00:00Z
40931.166666666664,2017-01-19T20:00:00Z
40069.833333333336,2017-01-19T21:00:00Z
37320.833333333336,2017-01-19T22:00:00Z
33772.333333333336,2017-01-19T23:00:00Z
30850.166666666668,2017-01-20T00:00:00Z
28382.5,2017-01-20T01:00:00Z
26898.833333333332,2017-01-20T02:00:00Z
26242.833333333332,2017-01-20T03:00:00Z
26063.666666666668,2017-01-20T04:00:00Z
26471.166666666668,2017-01-20T05:00:00Z
28937.666666666668,2017-01-20T06:00:00Z
33831.833333333336,2017-01-20T07:00:00Z
37340.166666666664,2017-01-20T08:00:00Z
38947.333333333336,2017-01-20T09:00:00Z
39970.333333333336,2017-01-20T10:00:00Z
40142,2017-01-20T11:00:00Z
39730.833333333336,2017-01-20T12:00:00Z
39373.666666666664,2017-01-20T13:00:00Z
37920.5,2017-01-20T14:00:00Z
37108,2017-01-20T15:00:00Z
36724.166666666664,2017-01-20T16:00:00Z
36714.666666666664,2017-01-20T17:00:00Z
37876.666666666664,2017-01-20T18:00:00Z
39078.833333333336,2017-01-20T19:00:00Z
38830.333333333336,2017-01-20T20:00:00Z
38109.5,2017-01-20T21:00:00Z
35603.333333333336,2017-01-20T22:00:00Z
32861.166666666664,2017-01-20T23:00:00Z
30259.166666666668,2017-01-21T00:00:00Z
27917.833333333332,2017-01-21T01:00:00Z
26107.5,2017-01-21T02:00:00Z
25092,2017-01-21T03:00:00Z
24441.833333333332,2017-01-21T04:00:00Z
24400.666666666668,2017-01-21T05:00:00Z
24725,2017-01-21T06:00:00Z
26268.5,2017-01-21T07:00:00Z
28047.833333333332,2017-01-21T08:00:00Z
31103.5,2017-01-21T09:00:00Z
33933.833333333336,2017-01-21T10:00:00Z
34740.333333333336,2017-01-21T11:00:00Z
34424.833333333336,2017-01-21T12:00:00Z
34320.5,2017-01-21T13:00:00Z
33382.833333333336,2017-01-21T14:00:00Z
32012.666666666668,2017-01-21T15:00:00Z
31103.666666666668,2017-01-21T16:00:00Z
31053.5,2017-01-21T17:00:00Z
32425.666666666668,2017-01-21T18:00:00Z
33975,2017-01-21T19:00:00Z
34691.833333333336,2017-01-21T20:00:00Z
34678.333333333336,2017-01-21T21:00:00Z
33131.5,2017-01-21T22:00:00Z
30829.666666666668,2017-01-21T23:00:00Z
28408.333333333332,2017-01-22T00:00:00Z
25917.333333333332,2017-01-22T01:00:00Z
24188.833333333332,2017-01-22T02:00:00Z
23145.5,2017-01-22T03:00:00Z
22596,2017-01-22T04:00:00Z
22656.5,2017-01-22T05:00:00Z
22937.5,2017-01-22T06:00:00Z
23704.666666666668,2017-01-22T07:00:00Z
24411.166666666668,2017-01-22T08:00:00Z
26357.833333333332,2017-01-22T09:00:00Z
29002.5,2017-01-22T10:00:00Z
30194.166666666668,2017-01-22T11:00:00Z
30196,2017-01-22T12:00:00Z
30588.666666666668,2017-01-22T13:00:00Z
30514.833333333332,2017-01-22T14:00:00Z
29390.5,2017-01-22T15:00:00Z
28644.333333333332,2017-01-22T16:00:00Z
28354.333333333332,2017-01-22T17:00:00Z
30269,2017-01-22T18:00:00Z
32603,2017-01-22T19:00:00Z
33783.166666666664,2017-01-22T20:00:00Z
34245.166666666664,2017-01-22T21:00:00Z
33015.333333333336,2017-01-22T22:00:00Z
30247.666666666668,2017-01-22T23:00:00Z
27190.833333333332,2017-01-23T00:00:00Z
25152.166666666668,2017-01-23T01:00:00Z
23858.666666666668,2017-01-23T02:00:00Z
23330.666666666668,2017-01-23T03:00:00Z
23309,2017-01-23T04:00:00Z
24013.666666666668,2017-01-23T05:00:00Z
27183.333333333332,2017-01-23T06:00:00Z
32182,2017-01-23T07:00:00Z
36056.5,2017-01-23T08:00:00Z
37441.5,2017-01-23T09:00:00Z
38422.833333333336,2017-01-23T10:00:00Z
38354.833333333336,2017-01-23T11:00:00Z
37769.833333333336,2017-01-23T12:00:00Z
37636.333333333336,2017-01-23T13:00:00Z
36353,2017-01-23T14:00:00Z
35870.666666666664,2017-01-23T15:00:00Z
35515.666666666664,2017-01-23T16:00:00Z
35589,2017-01-23T17:00:00Z
36927.166666666664,2017-01-23T18:00:00Z
38818.833333333336,2017-01-23T19:00:00Z
39126.333333333336,2017-01-23T20:00:00Z
38326.666666666664,2017-01-23T21:00:00Z
35517.666666666664,2017-01-23T22:00:00Z
32052,2017-01-23T23:00:00Z
29361.166666666668,2017-01-24T00:00:00Z
26930,2017-01-24T01:00:00Z
25626.333333333332,2017-01-24T02:00:00Z
24974.5,2017-01-24T03:00:00Z
24949.166666666668,2017-01-24T04:00:00Z
25379.666666666668,2017-01-24T05:00:00Z
27854.666666666668,2017-01-24T06:00:00Z
32822.166666666664,2017-01-24T07:00:00Z
36419.666666666664,2017-01-24T08:00:00Z
37625.666666666664,2017-01-24T09:00:00Z
38391.666666666664,2017-01-24T10:00:00Z
37984.5,2017-01-24T11:00:00Z
37292.5,2017-01-24T12:00:00Z
36892.666666666664,2017-01-24T13:00:00Z
35747.833333333336,2017-01-24T14:00:00Z
35047.833333333336,2017-01-24T15:00:00Z
34639.5,2017-01-24T16:00:00Z
34720.166666666664,2017-01-24T17:00:00Z
36281.5,2017-01-24T18:00:00Z
38566.833333333336,2017-01-24T19:00:00Z
38989.833333333336,2017-01-24T20:00:00Z
38201.5,2017-01-24T21:00:00Z
35478.166666666664,2017-01-24T22:00:00Z
31970,2017-01-24T23:00:00Z
29217,2017-01-25T00:00:00Z
26982.5,2017-01-25T01:00:00Z
25720.333333333332,2017-01-25T02:00:00Z
25106.166666666668,2017-01-25T03:00:00Z
24947,2017-01-25T04:00:00Z
25554.333333333332,2017-01-25T05:00:00Z
28132.833333333332,2017-01-25T06:00:00Z
33073,2017-01-25T07:00:00Z
36747.166666666664,2017-01-25T08:00:00Z
37909,2017-01-25T09:00:00Z
38582.833333333336,2017-01-25T10:00:00Z
38289.5,2017-01-25T11:00:00Z
37622.166666666664,2017-01-25T12:00:00Z
37423,2017-01-25T13:00:00Z
36179.166666666664,2017-01-25T14:00:00Z
35492.666666666664,2017-01-25T15:00:00Z
35173.5,2017-01-25T16:00:00Z
35371.5,2017-01-25T17:00:00Z
36855.333333333336,2017-01-25T18:00:00Z
38980.666666666664,2017-01-25T19:00:00Z
39247.833333333336,2017-01-25T20:00:00Z
38303,2017-01-25T21:00:00Z
35722.333333333336,2017-01-25T22:00:00Z
32409.333333333332,2017-01-25T23:00:00Z
29649.666666666668,2017-01-26T00:00:00Z
27444.833333333332,2017-01-26T01:00:00Z
26126.833333333332,2017-01-26T02:00:00Z
25476,2017-01-26T03:00:00Z
25239.666666666668,2017-01-26T04:00:00Z
25798.5,2017-01-26T05:00:00Z
28401.666666666668,2017-01-26T06:00:00Z
33197.833333333336,2017-01-26T07:00:00Z
36613.166666666664,2017-01-26T08:00:00Z
37850.666666666664,2017-01-26T09:00:00Z
38616.833333333336,2017-01-26T10:00:00Z
38488.833333333336,2017-01-26T11:00:00Z
38157.166666666664,2017-01-26T12:00:00Z
37966.833333333336,2017-01-26T13:00:00Z
36628.833333333336,2017-01-26T14:00:00Z
36163,2017-01-26T15:00:00Z
36081,2017-01-26T16:00:00Z
36472,2017-01-26T17:00:00Z
37755.166666666664,2017-01-26T18:00:00Z
39275.833333333336,2017-01-26T19:00:00Z
39294,2017-01-26T20:00:00Z
38343.166666666664,2017-01-26T21:00:00Z
35668.666666666664,2017-01-26T22:00:00Z
32434.166666666668,2017-01-26T23:00:00Z
29741.833333333332,2017-01-27T00:00:00Z
27421,2017-01-27T01:00:00Z
25910.833333333332,2017-01-27T02:00:00Z
25276.5,2017-01-27T03:00:00Z
25035,2017-01-27T04:00:00Z
25488.333333333332,2017-01-27T05:00:00Z
27912.166666666668,2017-01-27T06:00:00Z
32518.5,2017-01-27T07:00:00Z
35877.5,2017-01-27T08:00:00Z
37130.333333333336,2017-01-27T09:00:00Z
37918,2017-01-27T10:00:00Z
38094.833333333336,2017-01-27T11:00:00Z
37794.5,2017-01-27T12:00:00Z
37656,2017-01-27T13:00:00Z
36305,2017-01-27T14:00:00Z
35497.833333333336,2017-01-27T15:00:00Z
35192.666666666664,2017-01-27T16:00:00Z
35213.666666666664,2017-01-27T17:00:00Z
36045.833333333336,2017-01-27T18:00:00Z
37569.5,2017-01-27T19:00:00Z
37414.5,2017-01-27T20:00:00Z
36701.166666666664,2017-01-27T21:00:00Z
34459,2017-01-27T22:00:00Z
31846.166666666668,2017-01-27T23:00:00Z
29511.833333333332,2017-01-28T00:00:00Z
27401.166666666668,2017-01-28T01:00:00Z
25561.666666666668,2017-01-28T02:00:00Z
24607.833333333332,2017-01-28T03:00:00Z
24287,2017-01-28T04:00:00Z
24082,2017-01-28T05:00:00Z
24471.333333333332,2017-01-28T06:00:00Z
25956,2017-01-28T07:00:00Z
27598.833333333332,2017-01-28T08:00:00Z
30047.166666666668,2017-01-28T09:00:00Z
32392.166666666668,2017-01-28T10:00:00Z
32762.833333333332,2017-01-28T11:00:00Z
32219.333333333332,2017-01-28T12:00:00Z
32004.5,2017-01-28T13:00:00Z
31343.5,2017-01-28T14:00:00Z
30303.333333333332,2017-01-28T15:00:00Z
29462.666666666668,2017-01-28T16:00:00Z
29105.166666666668,2017-01-28T17:00:00Z
30419.166666666668,2017-01-28T18:00:00Z
32547.166666666668,2017-01-28T19:00:00Z
33233,2017-01-28T20:00:00Z
33301.833333333336,2017-01-28T21:00:00Z
31928.333333333332,2017-01-28T22:00:00Z
29894.5,2017-01-28T23:00:00Z
27634.333333333332,2017-01-29T00:00:00Z
25227.833333333332,2017-01-29T01:00:00Z
23487.5,2017-01-29T02:00:00Z
22629,2017-01-29T03:00:00Z
22229.666666666668,2017-01-29T04:00:00Z
22282.666666666668,2017-01-29T05:00:00Z
22562.5,2017-01-29T06:00:00Z
23285.333333333332,2017-01-29T07:00:00Z
23906,2017-01-29T08:00:00Z
25916.166666666668,2017-01-29T09:00:00Z
28265,2017-01-29T10:00:00Z
29341.833333333332,2017-01-29T11:00:00Z
29195.166666666668,2017-01-29T12:00:00Z
29473.166666666668,2017-01-29T13:00:00Z
29413.833333333332,2017-01-29T14:00:00Z
28081.833333333332,2017-01-29T15:00:00Z
27182.666666666668,2017-01-29T16:00:00Z
27079.833333333332,2017-01-29T17:00:00Z
28855.666666666668,2017-01-29T18:00:00Z
31515.333333333332,2017-01-29T19:00:00Z
32897.833333333336,2017-01-29T20:00:00Z
33012.833333333336,2017-01-29T21:00:00Z
31803,2017-01-29T22:00:00Z
29252.833333333332,2017-01-29T23:00:00Z
26601.166666666668,2017-01-30T00:00:00Z
24423.666666666668,2017-01-30T01:00:00Z
23337.333333333332,2017-01-30T02:00:00Z
22860,2017-01-30T03:00:00Z
22821.833333333332,2017-01-30T04:00:00Z
23496,2017-01-30T05:00:00Z
26445.333333333332,2017-01-30T06:00:00Z
31397.5,2017-01-30T07:00:00Z
34815.333333333336,2017-01-30T08:00:00Z
35931.666666666664,2017-01-30T09:00:00Z
36318.333333333336,2017-01-30T10:00:00Z
36143,2017-01-30T11:00:00Z
35758.166666666664,2017-01-30T12:00:00Z
35567.166666666664,2017-01-30T13:00:00Z
34420,2017-01-30T14:00:00Z
33759.166666666664,2017-01-30T15:00:00Z
33369.5,2017-01-30T16:00:00Z
33444.666666666664,2017-01-30T17:00:00Z
34499.166666666664,2017-01-30T18:00:00Z
36622,2017-01-30T19:00:00Z
37032,2017-01-30T20:00:00Z
36321.5,2017-01-30T21:00:00Z
33771,2017-01-30T22:00:00Z
30491.666666666668,2017-01-30T23:00:00Z
27973,2017-01-31T00:00:00Z
25950.666666666668,2017-01-31T01:00:00Z
24669.333333333332,2017-01-31T02:00:00Z
24178.666666666668,2017-01-31T03:00:00Z
24028.333333333332,2017-01-31T04:00:00Z
24518.833333333332,2017-01-31T05:00:00Z
27015.666666666668,2017-01-31T06:00:00Z
31904.833333333332,2017-01-31T07:00:00Z
34881.333333333336,2017-01-31T08:00:00Z
35586.5,2017-01-31T09:00:00Z
35713.166666666664,2017-01-31T10:00:00Z
35376.666666666664,2017-01-31T11:00:00Z
35011,2017-01-31T12:00:00Z
34935.833333333336,2017-01-31T13:00:00Z
33764.166666666664,2017-01-31T14:00:00Z
33185.5,2017-01-31T15:00:00Z
32984.333333333336,2017-01-31T16:00:00Z
32897.166666666664,2017-01-31T17:00:00Z
33844.5,2017-01-31T18:00:00Z
36242.333333333336,2017-01-31T19:00:00Z
36648.333333333336,2017-01-31T20:00:00Z
36164.333333333336,2017-01-31T21:00:00Z
33485.833333333336,2017-01-31T22:00:00Z
30254.666666666668,2017-01-31T23:00:00Z
27854.333333333332,2017-02-01T00:00:00Z
25734.5,2017-02-01T01:00:00Z
24547.833333333332,2017-02-01T02:00:00Z
23781.833333333332,2017-02-01T03:00:00Z
23613.5,2017-02-01T04:00:00Z
24218.5,2017-02-01T05:00:00Z
26631.333333333332,2017-02-01T06:00:00Z
31403.833333333332,2017-02-01T07:00:00Z
34455.833333333336,2017-02-01T08:00:00Z
35372,2017-02-01T09:00:00Z
35559.5,2017-02-01T10:00:00Z
35470.5,2017-02-01T11:00:00Z
35125.666666666664,2017-02-01T12:00:00Z
34961,2017-02-01T13:00:00Z
33812.833333333336,2017-02-01T14:00:00Z
33128.666666666664,2017-02-01T15:00:00Z
32779,2017-02-01T16:00:00Z
32612.333333333332,2017-02-01T17:00:00Z
33558.166666666664,2017-02-01T18:00:00Z
35717.666666666664,2017-02-01T19:00:00Z
36345.666666666664,2017-02-01T20:00:00Z
35770.5,2017-02-01T21:00:00Z
33111,2017-02-01T22:00:00Z
30043.666666666668,2017-02-01T23:00:00Z
27685.5,2017-02-02T00:00:00Z
25622.166666666668,2017-02-02T01:00:00Z
24317.166666666668,2017-02-02T02:00:00Z
23905.833333333332,2017-02-02T03:00:00Z
23853,2017-02-02T04:00:00Z
24250.833333333332,2017-02-02T05:00:00Z
26567.333333333332,2017-02-02T06:00:00Z
31212.5,2017-02-02T07:00:00Z
33923.833333333336,2017-02-02T08:00:00Z
34770.666666666664,2017-02-02T09:00:00Z
35118.166666666664,2017-02-02T10:00:00Z
35129.166666666664,2017-02-02T11:00:00Z
35448,2017-02-02T12:00:00Z
35679.5,2017-02-02T13:00:00Z
34470.333333333336,2017-02-02T14:00:00Z
33974.333333333336,2017-02-02T15:00:00Z
33622.166666666664,2017-02-02T16:00:00Z
33398.833333333336,2017-02-02T17:00:00Z
34118.5,2017-02-02T18:00:00Z
35899.166666666664,2017-02-02T19:00:00Z
36354,2017-02-02T20:00:00Z
35419,2017-02-02T21:00:00Z
33066.333333333336,2017-02-02T22:00:00Z
29904.166666666668,2017-02-02T23:00:00Z
27882.333333333332,2017-02-03T00:00:00Z
25766.5,2017-02-03T01:00:00Z
24401,2017-02-03T02:00:00Z
23978.166666666668,2017-02-03T03:00:00Z
23683.833333333332,2017-02-03T04:00:00Z
24368.666666666668,2017-02-03T05:00:00Z
26641.666666666668,2017-02-03T06:00:00Z
31066,2017-02-03T07:00:00Z
33979.666666666664,2017-02-03T08:00:00Z
34827.333333333336,2017-02-03T09:00:00Z
35374.5,2017-02-03T10:00:00Z
35173.666666666664,2017-02-03T11:00:00Z
34790.166666666664,2017-02-03T12:00:00Z
34755.833333333336,2017-02-03T13:00:00Z
33519.333333333336,2017-02-03T14:00:00Z
32700.5,2017-02-03T15:00:00Z
32434,2017-02-03T16:00:00Z
32324.166666666668,2017-02-03T17:00:00Z
33036,2017-02-03T18:00:00Z
34838,2017-02-03T19:00:00Z
34810.5,2017-02-03T20:00:00Z
34284,2017-02-03T21:00:00Z
32260.166666666668,2017-02-03T22:00:00Z
29809.333333333332,2017-02-03T23:00:00Z
27738.833333333332,2017-02-04T00:00:00Z
25773.333333333332,2017-02-04T01:00:00Z
24178.5,2017-02-04T02:00:00Z
23449.833333333332,2017-02-04T03:00:00Z
22879.166666666668,2017-02-04T04:00:00Z
22929.666666666668,2017-02-04T05:00:00Z
23346.666666666668,2017-02-04T06:00:00Z
24724,2017-02-04T07:00:00Z
26100.333333333332,2017-02-04T08:00:00Z
28256.166666666668,2017-02-04T09:00:00Z
30264.5,2017-02-04T10:00:00Z
30856.166666666668,2017-02-04T11:00:00Z
30674.833333333332,2017-02-04T12:00:00Z
30699.833333333332,2017-02-04T13:00:00Z
29914.5,2017-02-04T14:00:00Z
28625.333333333332,2017-02-04T15:00:00Z
28087,2017-02-04T16:00:00Z
27939.833333333332,2017-02-04T17:00:00Z
28931.666666666668,2017-02-04T18:00:00Z
30720.166666666668,2017-02-04T19:00:00Z
31100.833333333332,2017-02-04T20:00:00Z
30942,2017-02-04T21:00:00Z
29563.666666666668,2017-02-04T22:00:00Z
27815.333333333332,2017-02-04T23:00:00Z
25723.333333333332,2017-02-05T00:00:00Z
23834.166666666668,2017-02-05T01:00:00Z
22552.833333333332,2017-02-05T02:00:00Z
21688.333333333332,2017-02-05T03:00:00Z
21351.833333333332,2017-02-05T04:00:00Z
21379.833333333332,2017-02-05T05:00:00Z
21670.833333333332,2017-02-05T06:00:00Z
22461.333333333332,2017-02-05T07:00:00Z
22798.333333333332,2017-02-05T08:00:00Z
24611.333333333332,2017-02-05T09:00:00Z
26854.5,2017-02-05T10:00:00Z
27693.166666666668,2017-02-05T11:00:00Z
27997.666666666668,2017-02-05T12:00:00Z
28294.166666666668,2017-02-05T13:00:00Z
27969.833333333332,2017-02-05T14:00:00Z
26634.833333333332,2017-02-05T15:00:00Z
25720.5,2017-02-05T16:00:00Z
25432.833333333332,2017-02-05T17:00:00Z
26814.666666666668,2017-02-05T18:00:00Z
29791.833333333332,2017-02-05T19:00:00Z
31128.5,2017-02-05T20:00:00Z
31406,2017-02-05T21:00:00Z
30415.166666666668,2017-02-05T22:00:00Z
28105.666666666668,2017-02-05T23:00:00Z
25579.166666666668,2017-02-06T00:00:00Z
23932.333333333332,2017-02-06T01:00:00Z
22885.166666666668,2017-02-06T02:00:00Z
22468.5,2017-02-06T03:00:00Z
22381.166666666668,2017-02-06T04:00:00Z
23068.833333333332,2017-02-06T05:00:00Z
25866.5,2017-02-06T06:00:00Z
30604,2017-02-06T07:00:00Z
33775.333333333336,2017-02-06T08:00:00Z
34976.666666666664,2017-02-06T09:00:00Z
35396.833333333336,2017-02-06T10:00:00Z
35184.5,2017-02-06T11:00:00Z
34630.333333333336,2017-02-06T12:00:00Z
34423.833333333336,2017-02-06T13:00:00Z
33257.666666666664,2017-02-06T14:00:00Z
32723.666666666668,2017-02-06T15:00:00Z
32313.666666666668,2017-02-06T16:00:00Z
32059.5,2017-02-06T17:00:00Z
32609.333333333332,2017-02-06T18:00:00Z
34981.833333333336,2017-02-06T19:00:00Z
35593.666666666664,2017-02-06T20:00:00Z
34991,2017-02-06T21:00:00Z
32478.333333333332,2017-02-06T22:00:00Z
29478.333333333332,2017-02-06T23:00:00Z
27223.333333333332,2017-02-07T00:00:00Z
25499.5,2017-02-07T01:00:00Z
24228.666666666668,2017-02-07T02:00:00Z
23764.5,2017-02-07T03:00:00Z
23593.833333333332,2017-02-07T04:00:00Z
24142.833333333332,2017-02-07T05:00:00Z
26675,2017-02-07T06:00:00Z
31126.5,2017-02-07T07:00:00Z
33796.166666666664,2017-02-07T08:00:00Z
34537.333333333336,2017-02-07T09:00:00Z
34548.166666666664,2017-02-07T10:00:00Z
34449.166666666664,2017-02-07T11:00:00Z
34028.833333333336,2017-02-07T12:00:00Z
33944.5,2017-02-07T13:00:00Z
32859.5,2017-02-07T14:00:00Z
32289.833333333332,2017-02-07T15:00:00Z
32080,2017-02-07T16:00:00Z
32156.5,2017-02-07T17:00:00Z
32707.166666666668,2017-02-07T18:00:00Z
35086.333333333336,2017-02-07T19:00:00Z
35615,2017-02-07T20:00:00Z
35018.666666666664,2017-02-07T21:00:00Z
32396,2017-02-07T22:00:00Z
29643.666666666668,2017-02-07T23:00:00Z
27137.833333333332,2017-02-08T00:00:00Z
25399.333333333332,2017-02-08T01:00:00Z
24205.333333333332,2017-02-08T02:00:00Z
23737.833333333332,2017-02-08T03:00:00Z
23588.666666666668,2017-02-08T04:00:00Z
24216,2017-02-08T05:00:00Z
26588.333333333332,2017-02-08T06:00:00Z
31314,2017-02-08T07:00:00Z
34144.333333333336,2017-02-08T08:00:00Z
35092,2017-02-08T09:00:00Z
35252.666666666664,2017-02-08T10:00:00Z
34984.166666666664,2017-02-08T11:00:00Z
34838.5,2017-02-08T12:00:00Z
34580.666666666664,2017-02-08T13:00:00Z
33332,2017-02-08T14:00:00Z
32701.333333333332,2017-02-08T15:00:00Z
32376,2017-02-08T16:00:00Z
32246.166666666668,2017-02-08T17:00:00Z
32726.333333333332,2017-02-08T18:00:00Z
35413.166666666664,2017-02-08T19:00:00Z
36247.166666666664,2017-02-08T20:00:00Z
35573.5,2017-02-08T21:00:00Z
33109.333333333336,2017-02-08T22:00:00Z
30063,2017-02-08T23:00:00Z
27739.166666666668,2017-02-09T00:00:00Z
25864.833333333332,2017-02-09T01:00:00Z
24634.666666666668,2017-02-09T02:00:00Z
24137.166666666668,2017-02-09T03:00:00Z
24006.833333333332,2017-02-09T04:00:00Z
24502.833333333332,2017-02-09T05:00:00Z
26904.166666666668,2017-02-09T06:00:00Z
31729.666666666668,2017-02-09T07:00:00Z
34571.666666666664,2017-02-09T08:00:00Z
35763.333333333336,2017-02-09T09:00:00Z
36169.833333333336,2017-02-09T10:00:00Z
35710.166666666664,2017-02-09T11:00:00Z
35077,2017-02-09T12:00:00Z
34796.5,2017-02-09T13:00:00Z
33550.166666666664,2017-02-09T14:00:00Z
33237.333333333336,2017-02-09T15:00:00Z
33056.166666666664,2017-02-09T16:00:00Z
33180.166666666664,2017-02-09T17:00:00Z
33747.333333333336,2017-02-09T18:00:00Z
36127.833333333336,2017-02-09T19:00:00Z
36752.5,2017-02-09T20:00:00Z
36041.666666666664,2017-02-09T21:00:00Z
33631,2017-02-09T22:00:00Z
30528.333333333332,2017-02-09T23:00:00Z
28081.166666666668,2017-02-10T00:00:00Z
26210.833333333332,2017-02-10T01:00:00Z
24937.833333333332,2017-02-10T02:00:00Z
24542,2017-02-10T03:00:00Z
24341,2017-02-10T04:00:00Z
24893.666666666668,2017-02-10T05:00:00Z
27562.666666666668,2017-02-10T06:00:00Z
32130.833333333332,2017-02-10T07:00:00Z
34953.333333333336,2017-02-10T08:00:00Z
35981.5,2017-02-10T09:00:00Z
36556.333333333336,2017-02-10T10:00:00Z
36570.166666666664,2017-02-10T11:00:00Z
36326,2017-02-10T12:00:00Z
36335.666666666664,2017-02-10T13:00:00Z
35095.166666666664,2017-02-10T14:00:00Z
34210.333333333336,2017-02-10T15:00:00Z
33745.5,2017-02-10T16:00:00Z
33471.666666666664,2017-02-10T17:00:00Z
33920.5,2017-02-10T18:00:00Z
35631.5,2017-02-10T19:00:00Z
36009.833333333336,2017-02-10T20:00:00Z
35349,2017-02-10T21:00:00Z
33104.833333333336,2017-02-10T22:00:00Z
30576.333333333332,2017-02-10T23:00:00Z
28535.833333333332,2017-02-11T00:00:00Z
26467.333333333332,2017-02-11T01:00:00Z
24870,2017-02-11T02:00:00Z
24032,2017-02-11T03:00:00Z
23638,2017-02-11T04:00:00Z
23646.833333333332,2017-02-11T05:00:00Z
23846.666666666668,2017-02-11T06:00:00Z
25390.666666666668,2017-02-11T07:00:00Z
26833.666666666668,2017-02-11T08:00:00Z
29565,2017-02-11T09:00:00Z
32120,2017-02-11T10:00:00Z
32640.5,2017-02-11T11:00:00Z
32372.666666666668,2017-02-11T12:00:00Z
32325.5,2017-02-11T13:00:00Z
31762,2017-02-11T14:00:00Z
30319.166666666668,2017-02-11T15:00:00Z
29451.333333333332,2017-02-11T16:00:00Z
29287,2017-02-11T17:00:00Z
30051.166666666668,2017-02-11T18:00:00Z
32027.5,2017-02-11T19:00:00Z
32578.5,2017-02-11T20:00:00Z
32268.166666666668,2017-02-11T21:00:00Z
30884.166666666668,2017-02-11T22:00:00Z
28773.833333333332,2017-02-11T23:00:00Z
26646.5,2017-02-12T00:00:00Z
24654.833333333332,2017-02-12T01:00:00Z
22887.5,2017-02-12T02:00:00Z
21986.5,2017-02-12T03:00:00Z
21644.166666666668,2017-02-12T04:00:00Z
21485,2017-02-12T05:00:00Z
21829.166666666668,2017-02-12T06:00:00Z
22626,2017-02-12T07:00:00Z
23043.166666666668,2017-02-12T08:00:00Z
25168.166666666668,2017-02-12T09:00:00Z
27453.333333333332,2017-02-12T10:00:00Z
28777,2017-02-12T11:00:00Z
29202,2017-02-12T12:00:00Z
29494.166666666668,2017-02-12T13:00:00Z
29263.166666666668,2017-02-12T14:00:00Z
27808.166666666668,2017-02-12T15:00:00Z
26873.166666666668,2017-02-12T16:00:00Z
26597.166666666668,2017-02-12T17:00:00Z
27724.833333333332,2017-02-12T18:00:00Z
30256.333333333332,2017-02-12T19:00:00Z
31587.166666666668,2017-02-12T20:00:00Z
31670.166666666668,2017-02-12T21:00:00Z
30625.166666666668,2017-02-12T22:00:00Z
28347.833333333332,2017-02-12T23:00:00Z
25821.5,2017-02-13T00:00:00Z
23875.333333333332,2017-02-13T01:00:00Z
22883,2017-02-13T02:00:00Z
22377.166666666668,2017-02-13T03:00:00Z
22345.5,2017-02-13T04:00:00Z
23060.833333333332,2017-02-13T05:00:00Z
25793.5,2017-02-13T06:00:00Z
30468.666666666668,2017-02-13T07:00:00Z
33566.5,2017-02-13T08:00:00Z
34946.333333333336,2017-02-13T09:00:00Z
35730.5,2017-02-13T10:00:00Z
35531.333333333336,2017-02-13T11:00:00Z
35106.666666666664,2017-02-13T12:00:00Z
35062.666666666664,2017-02-13T13:00:00Z
33901.333333333336,2017-02-13T14:00:00Z
33199,2017-02-13T15:00:00Z
32912.166666666664,2017-02-13T16:00:00Z
32795.166666666664,2017-02-13T17:00:00Z
33070.833333333336,2017-02-13T18:00:00Z
35490.333333333336,2017-02-13T19:00:00Z
36289.333333333336,2017-02-13T20:00:00Z
35684.666666666664,2017-02-13T21:00:00Z
32912.5,2017-02-13T22:00:00Z
29734.5,2017-02-13T23:00:00Z
27481,2017-02-14T00:00:00Z
25531,2017-02-14T01:00:00Z
24300.5,2017-02-14T02:00:00Z
23816,2017-02-14T03:00:00Z
23816.666666666668,2017-02-14T04:00:00Z
24357.833333333332,2017-02-14T05:00:00Z
26711,2017-02-14T06:00:00Z
31331.5,2017-02-14T07:00:00Z
34099.833333333336,2017-02-14T08:00:00Z
35176.5,2017-02-14T09:00:00Z
35408.833333333336,2017-02-14T10:00:00Z
34903,2017-02-14T11:00:00Z
34410,2017-02-14T12:00:00Z
34224.166666666664,2017-02-14T13:00:00Z
33082.833333333336,2017-02-14T14:00:00Z
32445.166666666668,2017-02-14T15:00:00Z
32324.166666666668,2017-02-14T16:00:00Z
32203.666666666668,2017-02-14T17:00:00Z
32871.666666666664,2017-02-14T18:00:00Z
35526.666666666664,2017-02-14T19:00:00Z
36296.666666666664,2017-02-14T20:00:00Z
35481.666666666664,2017-02-14T21:00:00Z
32806.333333333336,2017-02-14T22:00:00Z
29758.5,2017-02-14T23:00:00Z
27294.833333333332,2017-02-15T00:00:00Z
25280.166666666668,2017-02-15T01:00:00Z
24034.666666666668,2017-02-15T02:00:00Z
23670.166666666668,2017-02-15T03:00:00Z
23473.5,2017-02-15T04:00:00Z
24141,2017-02-15T05:00:00Z
26406.666666666668,2017-02-15T06:00:00Z
30846.5,2017-02-15T07:00:00Z
33402.166666666664,2017-02-15T08:00:00Z
34273.833333333336,2017-02-15T09:00:00Z
34519.666666666664,2017-02-15T10:00:00Z
34178.5,2017-02-15T11:00:00Z
33699.5,2017-02-15T12:00:00Z
33605.666666666664,2017-02-15T13:00:00Z
32489.5,2017-02-15T14:00:00Z
31874,2017-02-15T15:00:00Z
31345.833333333332,2017-02-15T16:00:00Z
31004.833333333332,2017-02-15T17:00:00Z
31725.166666666668,2017-02-15T18:00:00Z
34758.666666666664,2017-02-15T19:00:00Z
35574.833333333336,2017-02-15T20:00:00Z
35014.5,2017-02-15T21:00:00Z
32232.5,2017-02-15T22:00:00Z
29359,2017-02-15T23:00:00Z
27095.5,2017-02-16T00:00:00Z
25203.833333333332,2017-02-16T01:00:00Z
24038.333333333332,2017-02-16T02:00:00Z
23641.833333333332,2017-02-16T03:00:00Z
23508.166666666668,2017-02-16T04:00:00Z
24171.833333333332,2017-02-16T05:00:00Z
26498.666666666668,2017-02-16T06:00:00Z
30958,2017-02-16T07:00:00Z
33370.333333333336,2017-02-16T08:00:00Z
34298.166666666664,2017-02-16T09:00:00Z
34587.333333333336,2017-02-16T10:00:00Z
34272,2017-02-16T11:00:00Z
33844.166666666664,2017-02-16T12:00:00Z
33790.833333333336,2017-02-16T13:00:00Z
32722.5,2017-02-16T14:00:00Z
32100.666666666668,2017-02-16T15:00:00Z
31712.166666666668,2017-02-16T16:00:00Z
31599,2017-02-16T17:00:00Z
31975,2017-02-16T18:00:00Z
34687,2017-02-16T19:00:00Z
35628.5,2017-02-16T20:00:00Z
35168.666666666664,2017-02-16T21:00:00Z
32610.166666666668,2017-02-16T22:00:00Z
29703.666666666668,2017-02-16T23:00:00Z
27655.333333333332,2017-02-17T00:00:00Z
25829.333333333332,2017-02-17T01:00:00Z
24440.166666666668,2017-02-17T02:00:00Z
23989.5,2017-02-17T03:00:00Z
23891.666666666668,2017-02-17T04:00:00Z
24448.666666666668,2017-02-17T05:00:00Z
26723.5,2017-02-17T06:00:00Z
31001,2017-02-17T07:00:00Z
33391.333333333336,2017-02-17T08:00:00Z
34506.333333333336,2017-02-17T09:00:00Z
34616.666666666664,2017-02-17T10:00:00Z
34314.166666666664,2017-02-17T11:00:00Z
33820,2017-02-17T12:00:00Z
33548.166666666664,2017-02-17T13:00:00Z
32174.666666666668,2017-02-17T14:00:00Z
31251.666666666668,2017-02-17T15:00:00Z
30783.333333333332,2017-02-17T16:00:00Z
30702.5,2017-02-17T17:00:00Z
30857,2017-02-17T18:00:00Z
33676.833333333336,2017-02-17T19:00:00Z
34455.166666666664,2017-02-17T20:00:00Z
34015.666666666664,2017-02-17T21:00:00Z
31944,2017-02-17T22:00:00Z
29478.333333333332,2017-02-17T23:00:00Z
27649.333333333332,2017-02-18T00:00:00Z
25830.833333333332,2017-02-18T01:00:00Z
24254.833333333332,2017-02-18T02:00:00Z
23482.5,2017-02-18T03:00:00Z
23082.833333333332,2017-02-18T04:00:00Z
23035.5,2017-02-18T05:00:00Z
23474.333333333332,2017-02-18T06:00:00Z
24819.5,2017-02-18T07:00:00Z
26100.666666666668,2017-02-18T08:00:00Z
28774,2017-02-18T09:00:00Z
30594.5,2017-02-18T10:00:00Z
30665.166666666668,2017-02-18T11:00:00Z
30234.5,2017-02-18T12:00:00Z
30201.833333333332,2017-02-18T13:00:00Z
29495.833333333332,2017-02-18T14:00:00Z
28231.666666666668,2017-02-18T15:00:00Z
27406,2017-02-18T16:00:00Z
27179,2017-02-18T17:00:00Z
27954.5,2017-02-18T18:00:00Z
30531.833333333332,2017-02-18T19:00:00Z
31436.666666666668,2017-02-18T20:00:00Z
31463.333333333332,2017-02-18T21:00:00Z
30019.833333333332,2017-02-18T22:00:00Z
27958.833333333332,2017-02-18T23:00:00Z
25779,2017-02-19T00:00:00Z
23731,2017-02-19T01:00:00Z
22386.5,2017-02-19T02:00:00Z
21623.5,2017-02-19T03:00:00Z
21258.333333333332,2017-02-19T04:00:00Z
21265.833333333332,2017-02-19T05:00:00Z
21558.833333333332,2017-02-19T06:00:00Z
22085.833333333332,2017-02-19T07:00:00Z
22504.833333333332,2017-02-19T08:00:00Z
24580.833333333332,2017-02-19T09:00:00Z
26510.833333333332,2017-02-19T10:00:00Z
27293.833333333332,2017-02-19T11:00:00Z
27312.166666666668,2017-02-19T12:00:00Z
27494.5,2017-02-19T13:00:00Z
27450.5,2017-02-19T14:00:00Z
26184.333333333332,2017-02-19T15:00:00Z
25295.666666666668,2017-02-19T16:00:00Z
25006,2017-02-19T17:00:00Z
25794.166666666668,2017-02-19T18:00:00Z
28755,2017-02-19T19:00:00Z
30611.833333333332,2017-02-19T20:00:00Z
30847.666666666668,2017-02-19T21:00:00Z
29638,2017-02-19T22:00:00Z
27451.5,2017-02-19T23:00:00Z
24974.666666666668,2017-02-20T00:00:00Z
23140.5,2017-02-20T01:00:00Z
22116,2017-02-20T02:00:00Z
21724.5,2017-02-20T03:00:00Z
21782.5,2017-02-20T04:00:00Z
22540.333333333332,2017-02-20T05:00:00Z
25319,2017-02-20T06:00:00Z
29983.333333333332,2017-02-20T07:00:00Z
32892.166666666664,2017-02-20T08:00:00Z
34131.333333333336,2017-02-20T09:00:00Z
34486.666666666664,2017-02-20T10:00:00Z
34352.5,2017-02-20T11:00:00Z
33908.5,2017-02-20T12:00:00Z
33772.333333333336,2017-02-20T13:00:00Z
32625.5,2017-02-20T14:00:00Z
32025.333333333332,2017-02-20T15:00:00Z
31609,2017-02-20T16:00:00Z
31337.166666666668,2017-02-20T17:00:00Z
31513.166666666668,2017-02-20T18:00:00Z
34007.666666666664,2017-02-20T19:00:00Z
35265.833333333336,2017-02-20T20:00:00Z
34737.166666666664,2017-02-20T21:00:00Z
32062,2017-02-20T22:00:00Z
29071.5,2017-02-20T23:00:00Z
26892.5,2017-02-21T00:00:00Z
25025.666666666668,2017-02-21T01:00:00Z
23879.333333333332,2017-02-21T02:00:00Z
23541.833333333332,2017-02-21T03:00:00Z
23380.166666666668,2017-02-21T04:00:00Z
23890.333333333332,2017-02-21T05:00:00Z
26561.166666666668,2017-02-21T06:00:00Z
30889.333333333332,2017-02-21T07:00:00Z
33343.833333333336,2017-02-21T08:00:00Z
34278.666666666664,2017-02-21T09:00:00Z
34527.833333333336,2017-02-21T10:00:00Z
34089.5,2017-02-21T11:00:00Z
33577.666666666664,2017-02-21T12:00:00Z
33509.333333333336,2017-02-21T13:00:00Z
32192.833333333332,2017-02-21T14:00:00Z
31569.333333333332,2017-02-21T15:00:00Z
31186.5,2017-02-21T16:00:00Z
31056.166666666668,2017-02-21T17:00:00Z
31240.166666666668,2017-02-21T18:00:00Z
34163.166666666664,2017-02-21T19:00:00Z
35427.333333333336,2017-02-21T20:00:00Z
34839.5,2017-02-21T21:00:00Z
32312.5,2017-02-21T22:00:00Z
29310.333333333332,2017-02-21T23:00:00Z
26982.5,2017-02-22T00:00:00Z
25318.666666666668,2017-02-22T01:00:00Z
24225.166666666668,2017-02-22T02:00:00Z
23660.666666666668,2017-02-22T03:00:00Z
23630,2017-02-22T04:00:00Z
24141.166666666668,2017-02-22T05:00:00Z
26444.5,2017-02-22T06:00:00Z
30736.666666666668,2017-02-22T07:00:00Z
33070.666666666664,2017-02-22T08:00:00Z
34368.166666666664,2017-02-22T09:00:00Z
34504.666666666664,2017-02-22T10:00:00Z
34128.5,2017-02-22T11:00:00Z
33677.166666666664,2017-02-22T12:00:00Z
33375.333333333336,2017-02-22T13:00:00Z
32412.833333333332,2017-02-22T14:00:00Z
31713.5,2017-02-22T15:00:00Z
31224.333333333332,2017-02-22T16:00:00Z
31114.333333333332,2017-02-22T17:00:00Z
31465.5,2017-02-22T18:00:00Z
34126.166666666664,2017-02-22T19:00:00Z
35020.666666666664,2017-02-22T20:00:00Z
34662.5,2017-02-22T21:00:00Z
32135.333333333332,2017-02-22T22:00:00Z
29155,2017-02-22T23:00:00Z
27207.833333333332,2017-02-23T00:00:00Z
25130,2017-02-23T01:00:00Z
24044.166666666668,2017-02-23T02:00:00Z
23575.833333333332,2017-02-23T03:00:00Z
23428.833333333332,2017-02-23T04:00:00Z
24093.166666666668,2017-02-23T05:00:00Z
26240.666666666668,2017-02-23T06:00:00Z
30388.333333333332,2017-02-23T07:00:00Z
32747.166666666668,2017-02-23T08:00:00Z
33880.833333333336,2017-02-23T09:00:00Z
34411,2017-02-23T10:00:00Z
34473,2017-02-23T11:00:00Z
34318.5,2017-02-23T12:00:00Z
34317.833333333336,2017-02-23T13:00:00Z
33125.833333333336,2017-02-23T14:00:00Z
32422.166666666668,2017-02-23T15:00:00Z
32092.5,2017-02-23T16:00:00Z
31982.333333333332,2017-02-23T17:00:00Z
32112.333333333332,2017-02-23T18:00:00Z
34384.333333333336,2017-02-23T19:00:00Z
35171,2017-02-23T20:00:00Z
34720.333333333336,2017-02-23T21:00:00Z
32037.833333333332,2017-02-23T22:00:00Z
29186.666666666668,2017-02-23T23:00:00Z
26946.5,2017-02-24T00:00:00Z
25341.833333333332,2017-02-24T01:00:00Z
24035.333333333332,2017-02-24T02:00:00Z
23746.833333333332,2017-02-24T03:00:00Z
23643,2017-02-24T04:00:00Z
24227.833333333332,2017-02-24T05:00:00Z
26387.333333333332,2017-02-24T06:00:00Z
30459.833333333332,2017-02-24T07:00:00Z
32778.833333333336,2017-02-24T08:00:00Z
34030.666666666664,2017-02-24T09:00:00Z
34409.833333333336,2017-02-24T10:00:00Z
34444.333333333336,2017-02-24T11:00:00Z
34154.5,2017-02-24T12:00:00Z
33760.833333333336,2017-02-24T13:00:00Z
32580,2017-02-24T14:00:00Z
31562.833333333332,2017-02-24T15:00:00Z
30940.833333333332,2017-02-24T16:00:00Z
30711,2017-02-24T17:00:00Z
30553.666666666668,2017-02-24T18:00:00Z
32928.666666666664,2017-02-24T19:00:00Z
33830.666666666664,2017-02-24T20:00:00Z
33608.166666666664,2017-02-24T21:00:00Z
31213.666666666668,2017-02-24T22:00:00Z
28882.833333333332,2017-02-24T23:00:00Z
27212,2017-02-25T00:00:00Z
25738,2017-02-25T01:00:00Z
24124.333333333332,2017-02-25T02:00:00Z
23394.166666666668,2017-02-25T03:00:00Z
22910.166666666668,2017-02-25T04:00:00Z
22760.666666666668,2017-02-25T05:00:00Z
23338.666666666668,2017-02-25T06:00:00Z
24436.666666666668,2017-02-25T07:00:00Z
25764.833333333332,2017-02-25T08:00:00Z
28599.833333333332,2017-02-25T09:00:00Z
30139.166666666668,2017-02-25T10:00:00Z
30361.333333333332,2017-02-25T11:00:00Z
29764.5,2017-02-25T12:00:00Z
29585.5,2017-02-25T13:00:00Z
28739,2017-02-25T14:00:00Z
27676.333333333332,2017-02-25T15:00:00Z
26921.666666666668,2017-02-25T16:00:00Z
26561.166666666668,2017-02-25T17:00:00Z
26613.333333333332,2017-02-25T18:00:00Z
29023.833333333332,2017-02-25T19:00:00Z
30299.333333333332,2017-02-25T20:00:00Z
30420.333333333332,2017-02-25T21:00:00Z
29126,2017-02-25T22:00:00Z
27254.833333333332,2017-02-25T23:00:00Z
25256.333333333332,2017-02-26T00:00:00Z
23568,2017-02-26T01:00:00Z
22201.166666666668,2017-02-26T02:00:00Z
21428.5,2017-02-26T03:00:00Z
21082,2017-02-26T04:00:00Z
21100,2017-02-26T05:00:00Z
21444.333333333332,2017-02-26T06:00:00Z
22066.833333333332,2017-02-26T07:00:00Z
22425.166666666668,2017-02-26T08:00:00Z
24542.666666666668,2017-02-26T09:00:00Z
26326.666666666668,2017-02-26T10:00:00Z
27113.333333333332,2017-02-26T11:00:00Z
26816,2017-02-26T12:00:00Z
26928,2017-02-26T13:00:00Z
26785.833333333332,2017-02-26T14:00:00Z
25453.5,2017-02-26T15:00:00Z
24959.666666666668,2017-02-26T16:00:00Z
24516.166666666668,2017-02-26T17:00:00Z
25157.666666666668,2017-02-26T18:00:00Z
28067.666666666668,2017-02-26T19:00:00Z
29909.833333333332,2017-02-26T20:00:00Z
30247.5,2017-02-26T21:00:00Z
29389.833333333332,2017-02-26T22:00:00Z
27350.833333333332,2017-02-26T23:00:00Z
25052.333333333332,2017-02-27T00:00:00Z
23254.666666666668,2017-02-27T01:00:00Z
22287.166666666668,2017-02-27T02:00:00Z
21786,2017-02-27T03:00:00Z
21815.833333333332,2017-02-27T04:00:00Z
22470.5,2017-02-27T05:00:00Z
25064.166666666668,2017-02-27T06:00:00Z
28738,2017-02-27T07:00:00Z
31019.833333333332,2017-02-27T08:00:00Z
32868.333333333336,2017-02-27T09:00:00Z
33417,2017-02-27T10:00:00Z
33397.333333333336,2017-02-27T11:00:00Z
33045.5,2017-02-27T12:00:00Z
32921.666666666664,2017-02-27T13:00:00Z
31880,2017-02-27T14:00:00Z
31071.833333333332,2017-02-27T15:00:00Z
30652.166666666668,2017-02-27T16:00:00Z
30454,2017-02-27T17:00:00Z
30454.5,2017-02-27T18:00:00Z
32888.833333333336,2017-02-27T19:00:00Z
34079.5,2017-02-27T20:00:00Z
33607.833333333336,2017-02-27T21:00:00Z
31144.333333333332,2017-02-27T22:00:00Z
28367.833333333332,2017-02-27T23:00:00Z
26515.666666666668,2017-02-28T00:00:00Z
24748.833333333332,2017-02-28T01:00:00Z
23690.166666666668,2017-02-28T02:00:00Z
23167.666666666668,2017-02-28T03:00:00Z
23101.833333333332,2017-02-28T04:00:00Z
23657,2017-02-28T05:00:00Z
25688.333333333332,2017-02-28T06:00:00Z
28874,2017-02-28T07:00:00Z
30700.166666666668,2017-02-28T08:00:00Z
32442.5,2017-02-28T09:00:00Z
32932.833333333336,2017-02-28T10:00:00Z
33294.333333333336,2017-02-28T11:00:00Z
33042.5,2017-02-28T12:00:00Z
33033.5,2017-02-28T13:00:00Z
31923.5,2017-02-28T14:00:00Z
30941.833333333332,2017-02-28T15:00:00Z
30438.833333333332,2017-02-28T16:00:00Z
30346,2017-02-28T17:00:00Z
30340.833333333332,2017-02-28T18:00:00Z
32731.166666666668,2017-02-28T19:00:00Z
33855.833333333336,2017-02-28T20:00:00Z
33608,2017-02-28T21:00:00Z
31281.666666666668,2017-02-28T22:00:00Z
28632.333333333332,2017-02-28T23:00:00Z
26492.166666666668,2017-03-01T00:00:00Z
24714,2017-03-01T01:00:00Z
23921.166666666668,2017-03-01T02:00:00Z
23546.333333333332,2017-03-01T03:00:00Z
23410.833333333332,2017-03-01T04:00:00Z
23986.333333333332,2017-03-01T05:00:00Z
26280.666666666668,2017-03-01T06:00:00Z
30376.5,2017-03-01T07:00:00Z
32785.833333333336,2017-03-01T08:00:00Z
34017.666666666664,2017-03-01T09:00:00Z
34414.333333333336,2017-03-01T10:00:00Z
34033.166666666664,2017-03-01T11:00:00Z
33605.333333333336,2017-03-01T12:00:00Z
33443.166666666664,2017-03-01T13:00:00Z
32321.833333333332,2017-03-01T14:00:00Z
31524,2017-03-01T15:00:00Z
30935.833333333332,2017-03-01T16:00:00Z
30625.5,2017-03-01T17:00:00Z
30597.5,2017-03-01T18:00:00Z
33446.5,2017-03-01T19:00:00Z
34871,2017-03-01T20:00:00Z
34550,2017-03-01T21:00:00Z
31999,2017-03-01T22:00:00Z
29268.5,2017-03-01T23:00:00Z
27121.5,2017-03-02T00:00:00Z
25337.833333333332,2017-03-02T01:00:00Z
24132.5,2017-03-02T02:00:00Z
23751.833333333332,2017-03-02T03:00:00Z
23600.333333333332,2017-03-02T04:00:00Z
24172.333333333332,2017-03-02T05:00:00Z
26425,2017-03-02T06:00:00Z
30343.5,2017-03-02T07:00:00Z
32784.666666666664,2017-03-02T08:00:00Z
33773.833333333336,2017-03-02T09:00:00Z
34041,2017-03-02T10:00:00Z
33836.833333333336,2017-03-02T11:00:00Z
33246,2017-03-02T12:00:00Z
32894.5,2017-03-02T13:00:00Z
31701.666666666668,2017-03-02T14:00:00Z
31052.833333333332,2017-03-02T15:00:00Z
30590.166666666668,2017-03-02T16:00:00Z
30445.333333333332,2017-03-02T17:00:00Z
30601,2017-03-02T18:00:00Z
33315.666666666664,2017-03-02T19:00:00Z
34898.5,2017-03-02T20:00:00Z
34302.666666666664,2017-03-02T21:00:00Z
31907.833333333332,2017-03-02T22:00:00Z
29082.5,2017-03-02T23:00:00Z
27187.833333333332,2017-03-03T00:00:00Z
25357,2017-03-03T01:00:00Z
24143.833333333332,2017-03-03T02:00:00Z
23675.166666666668,2017-03-03T03:00:00Z
23527,2017-03-03T04:00:00Z
23942.166666666668,2017-03-03T05:00:00Z
26134.5,2017-03-03T06:00:00Z
30149,2017-03-03T07:00:00Z
32311.333333333332,2017-03-03T08:00:00Z
33473,2017-03-03T09:00:00Z
34067,2017-03-03T10:00:00Z
34331,2017-03-03T11:00:00Z
34309.166666666664,2017-03-03T12:00:00Z
34155,2017-03-03T13:00:00Z
33098.5,2017-03-03T14:00:00Z
32382.166666666668,2017-03-03T15:00:00Z
31965.333333333332,2017-03-03T16:00:00Z
31942.5,2017-03-03T17:00:00Z
32166.666666666668,2017-03-03T18:00:00Z
34027.166666666664,2017-03-03T19:00:00Z
34964.333333333336,2017-03-03T20:00:00Z
34186,2017-03-03T21:00:00Z
31922.166666666668,2017-03-03T22:00:00Z
29575,2017-03-03T23:00:00Z
27538.333333333332,2017-03-04T00:00:00Z
25600.166666666668,2017-03-04T01:00:00Z
24015,2017-03-04T02:00:00Z
23368,2017-03-04T03:00:00Z
22965.333333333332,2017-03-04T04:00:00Z
23023.333333333332,2017-03-04T05:00:00Z
23340.5,2017-03-04T06:00:00Z
24359.166666666668,2017-03-04T07:00:00Z
25597.5,2017-03-04T08:00:00Z
28482.5,2017-03-04T09:00:00Z
30605.833333333332,2017-03-04T10:00:00Z
31330,2017-03-04T11:00:00Z
31205.333333333332,2017-03-04T12:00:00Z
31291.5,2017-03-04T13:00:00Z
30494.166666666668,2017-03-04T14:00:00Z
29059.666666666668,2017-03-04T15:00:00Z
27990.5,2017-03-04T16:00:00Z
27476.166666666668,2017-03-04T17:00:00Z
27724.666666666668,2017-03-04T18:00:00Z
29902.833333333332,2017-03-04T19:00:00Z
31512,2017-03-04T20:00:00Z
31490.5,2017-03-04T21:00:00Z
30025.5,2017-03-04T22:00:00Z
27956.833333333332,2017-03-04T23:00:00Z
25974.166666666668,2017-03-05T00:00:00Z
23984.333333333332,2017-03-05T01:00:00Z
22480,2017-03-05T02:00:00Z
21728,2017-03-05T03:00:00Z
21292.166666666668,2017-03-05T04:00:00Z
21189.166666666668,2017-03-05T05:00:00Z
21609.666666666668,2017-03-05T06:00:00Z
21893.666666666668,2017-03-05T07:00:00Z
22496.666666666668,2017-03-05T08:00:00Z
24765.833333333332,2017-03-05T09:00:00Z
26805.333333333332,2017-03-05T10:00:00Z
27797,2017-03-05T11:00:00Z
27968.333333333332,2017-03-05T12:00:00Z
28109.166666666668,2017-03-05T13:00:00Z
27873.666666666668,2017-03-05T14:00:00Z
26461,2017-03-05T15:00:00Z
25553,2017-03-05T16:00:00Z
25147.5,2017-03-05T17:00:00Z
25645.5,2017-03-05T18:00:00Z
28318.833333333332,2017-03-05T19:00:00Z
30401.5,2017-03-05T20:00:00Z
30830.833333333332,2017-03-05T21:00:00Z
29617.5,2017-03-05T22:00:00Z
27485,2017-03-05T23:00:00Z
24873.666666666668,2017-03-06T00:00:00Z
23274.166666666668,2017-03-06T01:00:00Z
22062.5,2017-03-06T02:00:00Z
21520,2017-03-06T03:00:00Z
21606.333333333332,2017-03-06T04:00:00Z
22290.333333333332,2017-03-06T05:00:00Z
24982,2017-03-06T06:00:00Z
28926.166666666668,2017-03-06T07:00:00Z
31690.5,2017-03-06T08:00:00Z
32843.166666666664,2017-03-06T09:00:00Z
33336.833333333336,2017-03-06T10:00:00Z
33262.166666666664,2017-03-06T11:00:00Z
33016.166666666664,2017-03-06T12:00:00Z
32781.666666666664,2017-03-06T13:00:00Z
31573.5,2017-03-06T14:00:00Z
31066.333333333332,2017-03-06T15:00:00Z
30534.166666666668,2017-03-06T16:00:00Z
30271.333333333332,2017-03-06T17:00:00Z
30197.166666666668,2017-03-06T18:00:00Z
32667.833333333332,2017-03-06T19:00:00Z
34447.833333333336,2017-03-06T20:00:00Z
33688.5,2017-03-06T21:00:00Z
31346.166666666668,2017-03-06T22:00:00Z
28488.666666666668,2017-03-06T23:00:00Z
26349.166666666668,2017-03-07T00:00:00Z
24702.833333333332,2017-03-07T01:00:00Z
23536.333333333332,2017-03-07T02:00:00Z
23083.333333333332,2017-03-07T03:00:00Z
22873,2017-03-07T04:00:00Z
23518.833333333332,2017-03-07T05:00:00Z
25784.333333333332,2017-03-07T06:00:00Z
29651.5,2017-03-07T07:00:00Z
32119.166666666668,2017-03-07T08:00:00Z
33050.166666666664,2017-03-07T09:00:00Z
33499.166666666664,2017-03-07T10:00:00Z
33271.333333333336,2017-03-07T11:00:00Z
33056.166666666664,2017-03-07T12:00:00Z
32638.333333333332,2017-03-07T13:00:00Z
31399.5,2017-03-07T14:00:00Z
30658.5,2017-03-07T15:00:00Z
30288.833333333332,2017-03-07T16:00:00Z
30059,2017-03-07T17:00:00Z
30277.833333333332,2017-03-07T18:00:00Z
32636,2017-03-07T19:00:00Z
34316.333333333336,2017-03-07T20:00:00Z
33647.166666666664,2017-03-07T21:00:00Z
31045.333333333332,2017-03-07T22:00:00Z
28183.5,2017-03-07T23:00:00Z
26112.666666666668,2017-03-08T00:00:00Z
24612.5,2017-03-08T01:00:00Z
23577.333333333332,2017-03-08T02:00:00Z
23295.333333333332,2017-03-08T03:00:00Z
23062.5,2017-03-08T04:00:00Z
23626,2017-03-08T05:00:00Z
25895.333333333332,2017-03-08T06:00:00Z
29386,2017-03-08T07:00:00Z
31661.166666666668,2017-03-08T08:00:00Z
32535.166666666668,2017-03-08T09:00:00Z
32700.333333333332,2017-03-08T10:00:00Z
32537.5,2017-03-08T11:00:00Z
32238.166666666668,2017-03-08T12:00:00Z
31950.166666666668,2017-03-08T13:00:00Z
30831.333333333332,2017-03-08T14:00:00Z
30044.833333333332,2017-03-08T15:00:00Z
29551.666666666668,2017-03-08T16:00:00Z
29388.166666666668,2017-03-08T17:00:00Z
29225.833333333332,2017-03-08T18:00:00Z
31429.5,2017-03-08T19:00:00Z
33490.166666666664,2017-03-08T20:00:00Z
32920.333333333336,2017-03-08T21:00:00Z
30447.833333333332,2017-03-08T22:00:00Z
27883.333333333332,2017-03-08T23:00:00Z
25972.666666666668,2017-03-09T00:00:00Z
24405.666666666668,2017-03-09T01:00:00Z
23338.333333333332,2017-03-09T02:00:00Z
22868.666666666668,2017-03-09T03:00:00Z
22816,2017-03-09T04:00:00Z
23331.5,2017-03-09T05:00:00Z
25476.5,2017-03-09T06:00:00Z
28760,2017-03-09T07:00:00Z
31001.333333333332,2017-03-09T08:00:00Z
32111.666666666668,2017-03-09T09:00:00Z
32211.666666666668,2017-03-09T10:00:00Z
32158.166666666668,2017-03-09T11:00:00Z
31980.666666666668,2017-03-09T12:00:00Z
31901.333333333332,2017-03-09T13:00:00Z
30788.333333333332,2017-03-09T14:00:00Z
30102.833333333332,2017-03-09T15:00:00Z
29683.333333333332,2017-03-09T16:00:00Z
29492.666666666668,2017-03-09T17:00:00Z
29311.166666666668,2017-03-09T18:00:00Z
31337.5,2017-03-09T19:00:00Z
33261.333333333336,2017-03-09T20:00:00Z
32726.166666666668,2017-03-09T21:00:00Z
30282.666666666668,2017-03-09T22:00:00Z
27504.833333333332,2017-03-09T23:00:00Z
25791.5,2017-03-10T00:00:00Z
24311.833333333332,2017-03-10T01:00:00Z
23386.5,2017-03-10T02:00:00Z
22976.333333333332,2017-03-10T03:00:00Z
22943.333333333332,2017-03-10T04:00:00Z
23361.833333333332,2017-03-10T05:00:00Z
25479,2017-03-10T06:00:00Z
28869,2017-03-10T07:00:00Z
30946.833333333332,2017-03-10T08:00:00Z
31545.166666666668,2017-03-10T09:00:00Z
31785.166666666668,2017-03-10T10:00:00Z
31910.833333333332,2017-03-10T11:00:00Z
31733.166666666668,2017-03-10T12:00:00Z
31617.166666666668,2017-03-10T13:00:00Z
30432.5,2017-03-10T14:00:00Z
29583.333333333332,2017-03-10T15:00:00Z
29099.5,2017-03-10T16:00:00Z
28678.666666666668,2017-03-10T17:00:00Z
28435.333333333332,2017-03-10T18:00:00Z
29867.5,2017-03-10T19:00:00Z
31530.666666666668,2017-03-10T20:00:00Z
31356.333333333332,2017-03-10T21:00:00Z
29234.166666666668,2017-03-10T22:00:00Z
27021.333333333332,2017-03-10T23:00:00Z
25599.5,2017-03-11T00:00:00Z
24281.666666666668,2017-03-11T01:00:00Z
22930.5,2017-03-11T02:00:00Z
22137.166666666668,2017-03-11T03:00:00Z
21843.5,2017-03-11T04:00:00Z
21709.166666666668,2017-03-11T05:00:00Z
21949.666666666668,2017-03-11T06:00:00Z
22667.666666666668,2017-03-11T07:00:00Z
24058.666666666668,2017-03-11T08:00:00Z
26423.833333333332,2017-03-11T09:00:00Z
27825.666666666668,2017-03-11T10:00:00Z
28001,2017-03-11T11:00:00Z
27767.166666666668,2017-03-11T12:00:00Z
27805.666666666668,2017-03-11T13:00:00Z
27111,2017-03-11T14:00:00Z
25805.333333333332,2017-03-11T15:00:00Z
25045,2017-03-11T16:00:00Z
24693,2017-03-11T17:00:00Z
24823.333333333332,2017-03-11T18:00:00Z
26809.166666666668,2017-03-11T19:00:00Z
28607.333333333332,2017-03-11T20:00:00Z
28599,2017-03-11T21:00:00Z
27217,2017-03-11T22:00:00Z
25236.5,2017-03-11T23:00:00Z
23650.166666666668,2017-03-12T00:00:00Z
22194.833333333332,2017-03-12T01:00:00Z
21069,2017-03-12T02:00:00Z
20287.166666666668,2017-03-12T03:00:00Z
20026.5,2017-03-12T04:00:00Z
20014.666666666668,2017-03-12T05:00:00Z
20182.833333333332,2017-03-12T06:00:00Z
20332.166666666668,2017-03-12T07:00:00Z
21075.166666666668,2017-03-12T08:00:00Z
22800.666666666668,2017-03-12T09:00:00Z
24208.5,2017-03-12T10:00:00Z
24956.666666666668,2017-03-12T11:00:00Z
24808.5,2017-03-12T12:00:00Z
24917,2017-03-12T13:00:00Z
24712.833333333332,2017-03-12T14:00:00Z
23662.5,2017-03-12T15:00:00Z
23071.333333333332,2017-03-12T16:00:00Z
22903.166666666668,2017-03-12T17:00:00Z
23395.166666666668,2017-03-12T18:00:00Z
25955.833333333332,2017-03-12T19:00:00Z
28342,2017-03-12T20:00:00Z
28450.333333333332,2017-03-12T21:00:00Z
27402.5,2017-03-12T22:00:00Z
25407.5,2017-03-12T23:00:00Z
23481,2017-03-13T00:00:00Z